{
  "epoch": 9,
  "train_loss": 0.681887803049768,
  "val_cindex": 0.44605221836216424,
  "lr": 5e-05,
  "epoch_sec": 1172.57
}