{
  "epoch": 11,
  "train_loss": 1.5393391989798337,
  "val_cindex": 0.4590231360791784,
  "lr": 2.5e-05,
  "epoch_sec": 1054.04
}