{
  "epoch": 10,
  "train_loss": 1.531755424853458,
  "val_cindex": 0.44201253861266787,
  "lr": 2.5e-05,
  "epoch_sec": 1054.75
}