{
  "epoch": 11,
  "train_loss": 1.5422608364885226,
  "val_cindex": 0.4253191067799256,
  "lr": 2.5e-05,
  "epoch_sec": 1262.47
}