{
  "epoch": 15,
  "train_loss": 1.5391479505898473,
  "val_cindex": 0.4442203909156537,
  "lr": 2.5e-05,
  "epoch_sec": 1054.93
}