{
  "epoch": 11,
  "train_loss": 1.5528368596324778,
  "val_cindex": 0.4553623109662229,
  "lr": 2.5e-05,
  "epoch_sec": 1053.24
}